total_amount,generated_clients,attended_clients,clients_type1,clients_type2,clients_type3,clients_type4,final_time
7700,24,24,9,7,3,5,503.87456562886814
8700,24,24,8,7,2,7,537.3247739569113
4850,23,23,12,6,4,1,478.9082319597109
6250,22,22,10,5,3,4,538.0182120502948
6350,24,24,12,6,1,5,516.3638455149336
7650,22,22,6,9,3,4,471.01129867171346
5600,22,22,10,6,4,2,498.19158144657433
7000,23,23,10,5,3,5,475.238121021149
7600,26,26,11,6,5,4,480.8930608049686
7400,22,22,7,9,1,5,488.4393999099678
7250,24,24,11,5,2,6,486.5861783217558
4400,22,22,11,9,1,1,513.2198199778783
6350,22,22,10,6,1,5,505.32221325469817
7600,22,22,8,6,2,6,456.4552564566768
6000,21,21,10,5,1,5,468.5140160974155
7400,24,24,11,4,3,6,527.7702397317283
9350,24,24,8,6,1,9,507.1445554945726
6250,23,23,9,10,1,3,551.2765043808079
7000,22,22,9,5,3,5,479.2308093264003
3800,22,22,15,3,1,3,484.482836621708
7150,22,22,7,9,2,4,491.896322840459
7950,25,25,10,7,2,6,496.6717994691057
9150,22,22,5,9,0,8,484.26017086227836
7000,23,23,10,5,3,5,472.267855531535
6200,23,23,11,7,0,5,486.154992323188
6850,22,22,9,6,2,5,489.3540242575398
7550,23,23,5,13,3,2,471.5786239659054
5800,24,24,11,8,3,2,473.32785690299255
6100,23,23,10,6,5,2,520.4972067804548
4400,22,22,14,4,0,4,466.1489992084076
7000,24,24,11,5,3,5,523.9567121714786
6500,22,22,8,10,0,4,486.2175435329449
6350,21,21,9,6,1,5,467.3338965395808
9300,24,24,7,8,1,8,480.0582895391731
5100,22,22,14,1,2,5,490.75567958806903
7800,21,21,8,3,3,7,482.2171650416458
5200,22,22,13,2,3,4,495.3003324866201
6150,23,23,10,9,0,4,481.06944483946444
8550,22,22,5,8,4,5,482.37046805698424
5450,22,22,11,7,0,4,535.6936594628769
7500,22,22,9,5,1,7,475.0021338810743
6050,21,21,10,3,4,4,492.8248866528604
6000,23,23,9,10,2,2,479.67379923593205
7850,22,22,8,6,1,7,469.5618589187895
5800,22,22,10,8,0,4,497.1085256098272
6200,21,21,11,2,2,6,469.89736371364427
6700,23,23,12,2,3,6,483.15786023860994
4750,21,21,11,5,3,2,475.6089784478235
4700,22,22,11,7,3,1,499.0249026190735
7400,21,21,6,9,1,5,486.4376799882445
6000,24,24,12,5,4,3,494.7514329383637
7950,23,23,8,7,2,6,476.117674595425
5850,21,21,10,6,0,5,491.87518755855024
6350,23,23,10,6,4,3,475.16640025795243
6750,25,25,13,5,1,6,499.74226772560314
4750,23,23,13,5,3,2,505.0210394219715
5100,22,22,11,6,3,2,505.6501357400427
5150,23,23,13,4,3,3,511.5379927147135
7950,23,23,10,2,4,7,487.25464018400237
6950,21,21,7,7,3,4,478.2233416332751
6950,22,22,8,7,3,4,467.3810653627579
5300,23,23,11,8,2,2,523.4765494961101
5550,22,22,10,8,1,3,492.5125643973519
5800,21,21,11,3,2,5,471.3050075095377
7400,23,23,10,4,3,6,479.47738000007917
6150,21,21,10,4,2,5,543.6358253942408
9100,21,21,4,6,5,6,511.3629033082598
4350,22,22,13,6,0,3,478.18036505068477
5600,23,23,12,6,1,4,496.3646413648767
6400,22,22,10,4,4,4,495.2932479816612
6750,22,22,10,5,1,6,488.1737119306137
3000,22,22,15,5,1,1,509.3573763876045
6750,23,23,11,5,1,6,506.9583326668076
3600,22,22,14,6,0,2,477.9184639715219
4300,23,23,15,3,2,3,482.63047664975716
5600,23,23,9,11,2,1,481.2827500276088
4200,23,23,13,7,2,1,520.5367824139005
7600,22,22,8,6,2,6,616.374868704554
7300,22,22,10,3,2,7,488.993020048021
10150,23,23,4,9,2,8,498.4057135465538
8100,23,23,8,6,3,6,468.57226412880715
7300,22,22,7,8,3,4,473.3545545511596
5250,22,22,12,5,1,4,470.7611403067122
7750,22,22,9,5,0,8,482.29184915347525
8950,23,23,6,7,4,6,467.7354512269896
8650,22,22,5,9,2,6,502.56364791737525
4400,22,22,13,4,3,2,526.8402489491464
6100,21,21,11,1,4,5,479.88152506811997
6450,21,21,8,7,2,4,470.94397363789534
6500,22,22,10,5,2,5,477.6811517598429
7150,24,24,11,4,4,5,483.23996435875824
3800,24,24,17,3,1,3,557.5694473212147
7050,23,23,9,8,1,5,519.1932872777777
4750,21,21,11,5,3,2,476.42532441832896
7300,22,22,10,3,2,7,476.7901598834342
8400,24,24,9,4,5,6,470.60853103826844
6350,23,23,11,6,1,5,493.4526167223808
6550,23,23,12,3,2,6,475.4877848560138
7650,24,24,10,4,5,5,482.5338050316754
5700,23,23,11,7,2,3,524.0416503766448
5600,22,22,11,6,1,4,546.7172519098065
3550,22,22,15,3,2,2,519.8573276760023
6500,24,24,12,5,2,5,481.33851215091596
5450,23,23,14,2,2,5,480.62410836951636
8300,21,21,5,8,2,6,505.7907146514449
7700,22,22,5,12,1,4,492.07182501859154
6300,22,22,9,8,1,4,475.65645372122356
6850,24,24,11,6,2,5,497.99543060730565
4550,22,22,14,3,1,4,482.33057887971097
6000,22,22,11,5,1,5,490.961929039857
6200,22,22,9,7,3,3,493.6342229025421
7250,21,21,7,5,5,4,491.9128591979964
6700,23,23,10,7,1,5,484.6762773113577
5350,23,23,12,6,2,3,475.3278422942884
5650,23,23,12,4,4,3,473.7039804491359
4900,23,23,14,4,1,4,545.2104250713769
6350,22,22,9,6,4,3,479.77595807326827
6300,23,23,10,8,1,4,507.6291771569497
5700,22,22,10,7,2,3,490.2245073523193
5850,23,23,12,6,0,5,467.42947241452475
5600,22,22,8,11,2,1,477.5310704244935
6950,23,23,9,7,3,4,480.8880726432111
4450,22,22,12,7,1,2,519.069114028543
6250,21,21,10,5,0,6,465.8033042275741
5500,23,23,13,5,0,5,484.49470722846445
8600,21,21,3,11,2,5,505.3267786024421
6100,24,24,12,6,2,4,474.5839054512289
6600,23,23,10,6,3,4,481.9759706947208
7300,22,22,10,3,2,7,468.28795711719806
7150,22,22,10,4,1,7,490.03943160158394
7900,20,20,6,4,4,6,476.6996174022096
5700,22,22,10,7,2,3,509.3529692231878
7700,23,23,8,7,3,5,508.905045975116
6750,21,21,8,5,4,4,487.87506244446723
7950,23,23,8,7,2,6,474.3088416603702
3700,22,22,13,7,1,1,478.1582281848041
7100,24,24,11,6,1,6,481.7981863541235
5350,23,23,12,6,2,3,485.8266680995555
8150,23,23,9,4,3,7,475.1738042512362
5000,21,21,11,5,2,3,562.2352133897664
5950,24,24,12,7,1,4,466.69105740813967
5950,22,22,12,2,3,5,478.3611684337836
6050,24,24,11,8,2,3,482.8922649435178
6950,23,23,9,7,3,4,491.90274367271263
5200,22,22,11,7,1,3,541.8473398553125
7550,22,22,7,8,2,5,526.8111710140391
8350,22,22,7,6,2,7,525.796228299347
8100,22,22,10,1,2,9,521.3693195551922
5250,22,22,12,5,1,4,474.16714496143015
6750,23,23,8,10,2,3,483.82070723106335
6400,22,22,11,4,1,6,480.6573477854813
5250,21,21,10,5,4,2,596.499930934288
8700,22,22,6,7,2,7,532.6819771486125
7800,21,21,5,8,4,4,501.4458256545508
6050,24,24,11,8,2,3,535.4629617468265
8000,23,23,9,5,2,7,485.42840817225783
5350,23,23,12,6,2,3,519.1877822677521
7700,22,22,7,7,3,5,465.87442148744145
8450,24,24,9,7,0,8,489.74124405264604
4450,23,23,13,7,1,2,486.3087322938351
8450,23,23,9,2,5,7,509.7134425305555
7600,21,21,6,6,5,4,497.26278834055967
6000,21,21,10,5,1,5,485.63522804352857
5750,21,21,10,5,2,4,485.0184752224095
7000,21,21,8,5,3,5,477.41978904123835
7500,24,24,8,10,2,4,490.2990025968156
5550,23,23,13,3,3,4,499.7036833013417
6250,23,23,12,5,0,6,486.93182125757966
6950,23,23,12,2,2,7,473.8786368984026
5800,22,22,11,3,5,3,492.15578972029886
6350,23,23,10,6,4,3,496.4492195090447
7350,23,23,9,6,3,5,460.95941401450546
5800,23,23,13,3,2,5,512.6804491515685
6500,22,22,10,5,2,5,470.0059097657101
7750,22,22,8,5,3,6,476.37943393718
6150,21,21,10,4,2,5,519.0687920779595
7850,23,23,8,6,4,5,463.0483300603286
5500,22,22,11,5,3,3,500.5332707627026
5800,23,23,10,8,3,2,525.3216938036694
4850,23,23,13,6,1,3,518.7936778982452
8550,23,23,7,8,1,7,544.471606026182
5700,23,23,11,7,2,3,552.3272442339936
6650,21,21,7,9,1,4,524.0658223944693
9150,23,23,5,9,3,6,475.76226327579184
7600,22,22,8,6,2,6,486.35996002745037
5100,21,21,10,6,3,2,523.7690582900175
5750,24,24,10,10,3,1,468.9552731320678
5900,24,24,11,9,1,3,470.0509078403873
7800,23,23,10,3,3,7,491.7681316000919
5400,22,22,12,4,2,4,478.58590561822206
5900,22,22,9,9,1,3,479.5764597868684
7350,21,21,7,6,3,5,478.27975510918856
7550,22,22,9,3,4,6,511.66306457255615
6350,22,22,10,6,1,5,504.77584342797593
8900,23,23,8,4,3,8,498.7656372980221
6950,24,24,10,7,3,4,471.1762701644774
4550,23,23,12,8,2,1,495.05239068915415
8850,23,23,7,6,3,7,470.9708246281365
6900,23,23,8,9,3,3,468.4539394859692
7200,22,22,8,7,2,5,529.3469696702766
4500,20,20,11,5,1,3,488.32060819716224
6400,21,21,7,9,2,3,465.31804650322005
5300,22,22,10,8,2,2,491.23499797090574
5400,23,23,13,4,2,4,473.1303661235744
5450,20,20,9,7,0,4,472.72842649890674
4150,21,21,13,4,1,3,468.5725810058106
8100,22,22,7,6,3,6,490.6866663822844
5900,24,24,13,4,3,4,536.4163043146029
6150,21,21,10,4,2,5,483.83906826109063
8300,23,23,10,3,1,9,479.81860772481843
6600,23,23,10,6,3,4,485.28264633129476
7350,23,23,9,6,3,5,517.375009248145
4200,23,23,13,7,2,1,487.73271254077764
8650,23,23,8,4,4,7,493.51703299148704
4450,22,22,14,2,3,3,488.9452188599478
6550,25,25,12,8,0,5,512.6581379209258
6350,23,23,11,6,1,5,500.40147693793733
5000,21,21,11,5,2,3,479.38798167131404
5350,22,22,11,6,2,3,506.711759779284
6500,22,22,10,5,2,5,484.4284184034391
7350,21,21,7,6,3,5,494.3666009252222
5600,21,21,12,1,3,5,508.36415195216404
6700,22,22,11,2,3,6,496.62507856256667
3300,23,23,14,8,1,0,486.17158615454554
7850,22,22,7,6,4,5,489.2463108362737
7350,24,24,8,11,1,4,533.8379592455294
4700,21,21,13,2,2,4,493.5639614170878
5800,21,21,11,3,2,5,526.7247185638362
6650,21,21,7,9,1,4,514.8122367792337
4150,23,23,15,4,1,3,486.9790571489848
7750,22,22,8,5,3,6,502.3722260868757
6750,23,23,10,5,4,4,499.8509607493358
6950,22,22,8,7,3,4,515.0552250884134
6950,21,21,7,7,3,4,503.50676870485995
6050,23,23,10,8,2,3,488.0375111181511
7150,22,22,10,4,1,7,499.5556397997945
8200,24,24,9,7,1,7,486.50343612017554
8400,22,22,7,4,5,6,475.163276157853
6500,22,22,10,5,2,5,484.21239146681836
9400,24,24,6,9,2,7,489.2187392389253
6350,23,23,11,6,1,5,483.86263026260923
7950,24,24,11,2,4,7,470.15842363008045
7600,22,22,8,6,2,6,547.7520801486362
4850,20,20,10,6,1,3,485.13106769893994
3750,22,22,14,5,1,2,474.8703474876077
3650,21,21,13,4,3,1,483.7587299327522
7000,21,21,8,5,3,5,494.6685148876903
7350,22,22,9,6,0,7,472.88378097456956
5150,21,21,9,9,1,2,499.1300292092258
6700,23,23,10,7,1,5,485.0004456017777
4900,24,24,14,4,4,2,487.9105332851626
2150,22,22,17,4,0,1,513.3613123405946
5150,22,22,10,9,1,2,558.4903414546313
5450,22,22,10,7,3,2,470.29403383223377
8900,21,21,4,9,1,7,467.26182210361554
5700,23,23,11,7,2,3,482.87228586996565
6950,23,23,9,7,3,4,509.75124512251557
8450,23,23,7,7,3,6,482.6897417437183
1550,22,22,18,3,1,0,485.14975468811315
5600,24,24,12,6,4,2,511.09226012508293
6850,21,21,8,6,2,5,512.4883032578624
4750,21,21,11,5,3,2,486.8368099765163
5500,21,21,8,10,1,2,467.2352365229569
8250,21,21,7,5,1,8,472.7994078365984
5300,22,22,13,3,1,5,458.72168134178577
8900,22,22,6,4,6,6,519.2755959685924
5400,21,21,9,9,0,3,504.64203713345466
7650,21,21,8,4,2,7,512.7614817532651
4750,24,24,15,5,0,4,484.586109121954
6600,21,21,8,6,3,4,486.6023126388654
4900,22,22,10,9,2,1,480.70104525084946
2450,20,20,13,7,0,0,517.2692547926517
6050,21,21,10,3,4,4,486.59531552235086
6100,22,22,10,6,2,4,489.1521186535969
5050,23,23,14,3,2,4,538.7665790335715
3900,23,23,15,4,2,2,474.5397397875167
7300,22,22,6,8,6,2,476.2639822245066
7700,22,22,8,7,0,7,488.2352313322559
5050,23,23,14,3,2,4,485.81827836193673
6000,24,24,13,5,1,5,488.654315412636
6400,23,23,11,4,4,4,489.77161168098735
8050,22,22,8,3,5,6,477.32881809373197
5500,23,23,13,5,0,5,522.4124063651144
7800,22,22,9,3,3,7,508.4986540205127
7300,21,21,6,8,3,4,495.35571131481845
6450,24,24,11,7,2,4,479.2112057561155
6550,24,24,12,3,5,4,489.4775828610622
6800,22,22,8,8,2,4,484.3645193905702
5600,21,21,10,6,1,4,495.4323274407676
8300,23,23,9,3,4,7,497.0645733357049
10000,24,24,8,5,0,11,527.8535450664064
4150,22,22,14,4,1,3,493.44305406552627
4950,23,23,12,7,2,2,509.86570932107804
4350,22,22,12,6,3,1,483.1298292322961
7950,23,23,10,2,4,7,475.818286344507
5650,22,22,9,9,2,2,506.9858436090609
5700,24,24,12,7,2,3,517.5560082620764
6000,22,22,11,5,1,5,502.95713139402204
6750,21,21,8,5,4,4,524.4627771504441
7200,23,23,12,2,1,8,484.15394404984227
6800,21,21,7,8,2,4,485.91652429106796
5350,23,23,12,6,2,3,517.7678320113071
9650,23,23,7,4,3,9,490.8176459497726
7400,24,24,11,4,3,6,505.6225730221604
5750,21,21,10,5,2,4,473.55109791983676
5650,21,21,11,4,1,5,479.8694343877604
4100,20,20,11,6,1,2,476.5097096977331
3750,22,22,14,5,1,2,477.66131555259125
9350,23,23,6,6,4,7,483.04942659042644
6600,22,22,9,6,3,4,472.99109634012717
5100,21,21,11,6,0,4,491.0641380357031
7650,23,23,10,4,2,7,490.2161522413917
3900,22,22,14,4,2,2,471.07707105513634
7050,23,23,9,8,1,5,498.32098878581996
9050,23,23,8,3,4,8,482.95940043145174
6450,21,21,8,7,2,4,488.86582504059
5450,22,22,13,2,2,5,476.6914956093057
4700,22,22,14,2,2,4,511.28125999925
4700,23,23,13,7,0,3,496.42228480921165
4850,22,22,12,6,1,3,523.1947427478518
7100,23,23,10,6,1,6,487.5424333711102
6100,21,21,9,6,2,4,489.4515113872311
6650,22,22,10,4,3,5,483.5265651642369
4950,22,22,11,7,2,2,506.817103017116
6500,22,22,10,5,2,5,471.18381187396227
5850,23,23,11,6,3,3,466.33967484824757
6700,22,22,9,7,1,5,467.21866132946
5850,24,24,15,1,2,6,488.48475913121325
5850,22,22,11,6,0,5,497.2799238821497
7700,23,23,7,7,6,3,513.4496015703479
6000,20,20,9,5,1,5,505.68498532524086
7450,21,21,7,7,1,6,487.79693370784025
6300,22,22,11,3,3,5,493.9491725888626
6250,21,21,9,5,3,4,496.4774595118645
7600,21,21,5,11,0,5,571.1338588648533
4350,23,23,13,6,3,1,486.14521836170695
6800,22,22,8,8,2,4,575.1278827769277
7850,23,23,9,6,1,7,520.4990114601248
6650,21,21,9,4,3,5,486.3122712716747
5500,23,23,12,5,3,3,481.8048197572161
6500,22,22,10,5,2,5,460.5150346374369
5850,23,23,11,6,3,3,556.3723763539958
8750,23,23,6,5,8,4,498.06133031399503
5300,21,21,9,8,2,2,471.02510782729735
9500,24,24,8,5,2,9,519.8016898030057
6850,22,22,9,6,2,5,479.2169018127496
5950,22,22,10,7,1,4,534.7880573824409
6850,22,22,9,6,2,5,506.99940180627743
5950,24,24,13,2,6,3,506.0753430214055
5450,24,24,12,7,3,2,497.1059986418366
6100,21,21,9,6,2,4,511.5492752396073
4700,21,21,10,7,3,1,503.0621055451739
5500,22,22,12,5,0,5,512.0750147070498
9000,23,23,7,5,4,7,469.98581141706757
7200,24,24,12,2,4,6,498.071856758828
5650,24,24,14,4,1,5,500.419974949532
5850,24,24,12,6,3,3,496.4550500246789
8000,24,24,10,5,2,7,482.1158029866828
5550,21,21,8,8,4,1,493.26823714754556
6300,24,24,12,3,6,3,489.9838609164145
8550,22,22,7,3,6,6,475.49275955876544
5400,22,22,12,4,2,4,496.95802412336997
4800,21,21,12,3,3,3,503.9025939006517
5450,26,26,14,7,3,2,489.22170698438
5900,21,21,8,9,1,3,492.4570145121053
5650,22,22,9,9,2,2,511.4967679213882
7400,23,23,8,9,1,5,517.424726715372
5450,21,21,10,7,0,4,473.33904946751727
7750,23,23,7,10,1,5,508.01487198561654
7600,22,22,5,11,3,3,467.63072541646005
5200,21,21,10,7,1,3,510.3539477896369
7750,22,22,8,5,3,6,475.2882009233344
3350,21,21,15,1,3,2,510.0399648063891
6900,22,22,8,9,0,5,482.49755821035467
6000,20,20,9,5,1,5,493.0009995272261
6450,22,22,12,2,1,7,474.1166475256055
8900,23,23,8,4,3,8,475.1026988874735
6700,22,22,8,7,4,3,489.35192765540324
6400,21,21,7,9,2,3,526.5646449030913
7350,23,23,7,11,1,4,478.2424737667693
5900,23,23,12,4,3,4,477.17664606363246
6400,20,20,6,9,2,3,504.07167302424205
5950,22,22,10,7,1,4,458.4259045530628
7050,23,23,11,3,3,6,491.33945293426297
6550,23,23,8,8,6,1,488.0289034105355
6800,22,22,8,8,2,4,506.460366917729
6900,22,22,7,9,3,3,465.28623089676887
4700,24,24,14,7,0,3,513.2170797140914
8850,22,22,6,6,3,7,512.0971197339722
9300,22,22,7,3,3,9,467.26478290647174
5000,22,22,12,5,2,3,470.8441763573414
6250,22,22,10,5,3,4,468.50734007662663
4050,21,21,11,8,1,1,504.35193703532815
6850,25,25,11,6,5,3,474.5013056921082
6050,21,21,10,3,4,4,474.5359467021922
5800,23,23,13,3,2,5,484.6341203696818
6750,23,23,8,10,2,3,477.3213146814385
7650,22,22,9,4,2,7,469.1830606427803
5250,21,21,11,5,1,4,481.86629895290304
6550,23,23,9,8,3,3,538.7288173025087
8700,22,22,5,7,5,5,506.91683162809636
5600,23,23,11,6,4,2,487.2007060098301
5750,22,22,11,5,2,4,470.8128911224861
8050,21,21,5,8,3,5,576.7099640625091
6650,22,22,9,4,6,3,495.3635329704243
7700,22,22,7,7,3,5,480.36777198248774
7800,21,21,8,3,3,7,481.8937668848905
8450,22,22,6,7,3,6,529.9230814279545
4750,23,23,14,5,0,4,482.60602279038574
8100,22,22,7,6,3,6,483.659621829191
4500,23,23,14,5,1,3,495.6498971104627
3050,22,22,15,3,4,0,482.11457209410247
8900,23,23,6,9,1,7,496.04004240751124
5100,21,21,11,6,0,4,467.3935803062994
7000,21,21,9,5,0,7,498.3360382845696
8500,22,22,8,5,0,9,466.2685040776193
4650,23,23,11,9,3,0,469.26639503545664
4600,22,22,12,6,2,2,525.0792375472896
4700,22,22,11,7,3,1,539.8044523643921
6750,24,24,9,10,2,3,555.6486869919323
6700,22,22,9,7,1,5,474.7368963269902
5750,22,22,11,5,2,4,504.30568267952356
7150,23,23,11,4,1,7,549.6361267653724
3500,23,23,17,0,4,2,471.7260755947369
3650,21,21,14,4,0,3,482.6896772783128
8000,23,23,9,5,2,7,477.7871563366524
2950,22,22,17,2,0,3,521.1802672441931
6650,22,22,8,9,1,4,459.98096015745574
8000,22,22,5,10,3,4,499.2038546850725
6000,23,23,9,10,2,2,481.4768909622357
5350,21,21,10,6,2,3,497.54940313617294
5050,21,21,12,3,2,4,482.87789408574116
5900,21,21,8,9,1,3,478.6198790765087
6150,23,23,9,9,3,2,481.41845364311024
7400,23,23,10,4,3,6,480.43303942380794
9250,23,23,5,10,1,7,507.487741670588
4900,21,21,12,4,1,4,482.80366007480825
7500,23,23,9,5,4,5,476.8666497357558
6050,23,23,10,8,2,3,509.1289780398192
7400,22,22,9,4,3,6,466.9047122286671
6600,24,24,12,6,0,6,486.42384209073833
7750,24,24,8,10,1,5,481.29270255320813
7200,22,22,11,2,1,8,466.2434323856405
3750,21,21,13,5,1,2,478.513285869523
4550,22,22,14,3,1,4,461.8542527013557
5400,23,23,12,4,5,2,487.1404197349274
5700,22,22,10,7,2,3,480.5130253910317
6850,22,22,12,1,1,8,478.77933614308154
6450,23,23,10,7,2,4,482.6424577259122
4850,24,24,14,6,1,3,478.13161944585823
8100,23,23,7,6,6,4,497.40364915987493
4550,23,23,15,3,1,4,532.244846827803
6950,23,23,10,7,0,6,490.43924669700164
7100,22,22,7,6,7,2,499.7795955263108
7550,23,23,10,3,4,6,494.6496474171005
6100,22,22,10,6,2,4,480.3504222655411
9650,25,25,9,4,3,9,495.3516386897286
6800,23,23,12,3,1,7,474.51469293315745
7900,24,24,10,4,4,6,481.1719548833122
5850,21,21,9,6,3,3,482.23530229206347
5400,23,23,12,4,5,2,531.3590289059377
3850,22,22,13,6,2,1,566.4844835251818
8550,22,22,5,8,4,5,494.59347207565486
6900,22,22,9,4,5,4,491.90835742933376
8850,23,23,7,6,3,7,475.4397500354819
7700,22,22,8,7,0,7,477.5600500926652
5100,21,21,10,6,3,2,510.6349981988153
4900,22,22,13,4,1,4,526.7780514869505
6100,21,21,9,6,2,4,491.1996212905101
5600,22,22,10,6,4,2,470.81096387437475
8200,23,23,8,7,1,7,508.75742646345856
4600,22,22,12,6,2,2,454.6463088655861
3600,23,23,15,6,0,2,494.92969021764566
6050,24,24,11,8,2,3,472.80874191912955
7050,21,21,9,3,3,6,467.98359653878805
6650,22,22,11,4,0,7,483.00416315086113
6600,23,23,10,6,3,4,459.27861411114515
6200,20,20,5,12,1,2,470.5265580156166
4700,23,23,13,7,0,3,491.23475891672507
7250,23,23,10,5,2,6,550.5233485567678
7150,21,21,9,4,1,7,494.4489577533797
5350,21,21,10,6,2,3,469.2310204671994
7550,22,22,7,8,2,5,475.36760774262393
6300,23,23,12,3,3,5,486.6064978475161
10200,23,23,5,7,2,9,481.52959394671575
6850,24,24,11,6,2,5,593.1154191700658
7450,23,23,9,7,1,6,457.87769206669157
8200,23,23,8,7,1,7,562.4515795398985
4100,22,22,15,1,3,3,495.93493591830884
5400,20,20,7,9,3,1,495.0427422451938
5650,23,23,10,9,2,2,471.99248247631687
6900,22,22,10,4,2,6,486.22147096873863
8450,24,24,8,7,3,6,481.2372284483959
6050,23,23,10,8,2,3,484.50421184072053
7350,24,24,11,6,0,7,521.920890878647
7650,23,23,9,4,5,5,490.2567148956605
7800,23,23,7,8,4,4,476.5220017719242
5750,22,22,10,5,5,2,479.77266967141196
7900,23,23,10,4,1,8,475.3826247750294
9800,22,22,4,8,2,8,482.2352409911998
7550,22,22,10,3,1,8,479.1986382569536
4800,23,23,12,8,1,2,542.5131167747891
5900,24,24,11,9,1,3,509.8288975668854
4550,24,24,13,8,2,1,471.4913041619282
7000,23,23,9,5,6,3,479.9710844951419
7100,21,21,7,6,4,4,489.24092087830206
6850,21,21,8,6,2,5,479.4507548740191
6550,23,23,12,3,2,6,495.9124253772421
7750,22,22,8,5,3,6,489.79497430945327
7050,23,23,8,8,4,3,529.951967916525
5500,22,22,9,10,1,2,481.4300558955754
6950,22,22,8,7,3,4,490.57065629668557
5350,22,22,11,6,2,3,481.666051252589
4900,23,23,14,4,1,4,504.5515456542479
6600,21,21,8,6,3,4,500.2738285168052
7150,24,24,12,4,1,7,495.4637715844157
6400,23,23,11,4,4,4,504.8486278084498
6800,22,22,11,3,1,7,464.41327587978105
6800,24,24,10,8,2,4,541.3455849071964
4850,23,23,13,6,1,3,494.3738305504428
4500,22,22,13,5,1,3,479.3500408309401
8700,22,22,6,7,2,7,525.5984771251965
7050,24,24,10,8,1,5,488.6739871194446
5400,21,21,11,4,2,4,477.8183768620482
6000,24,24,10,10,2,2,497.6665112371303
7200,24,24,10,7,2,5,502.15770411649436
7000,21,21,8,5,3,5,484.9890130066991
5950,21,21,9,7,1,4,501.70421085810443
7950,21,21,6,7,2,6,467.9182915943577
6650,22,22,10,4,3,5,469.22368193735156
4450,23,23,13,7,1,2,485.92266560233526
5000,21,21,11,5,2,3,476.0778911112207
7350,24,24,10,6,3,5,508.81824014786
5500,21,21,9,5,6,1,487.28039761746953
5450,21,21,9,7,3,2,492.09240102162755
8150,22,22,8,4,3,7,531.0285985049749
4150,22,22,14,4,1,3,515.7441738838245
4600,23,23,13,6,2,2,509.50755628504976
6900,23,23,10,4,5,4,468.0747672632341
7100,22,22,9,6,1,6,500.1721903591929
6600,22,22,9,6,3,4,505.7196710695583
7500,22,22,9,5,1,7,470.41482345949265
5200,24,24,15,2,3,4,513.6773915627828
7400,24,24,9,9,1,5,481.2695873980128
4500,21,21,12,5,1,3,475.6683644000619
7200,23,23,9,7,2,5,468.09974323803596
7950,23,23,8,7,2,6,473.1435332049537
6750,22,22,10,5,1,6,477.8970168148951
6800,21,21,10,3,1,7,479.70372290509533
6050,21,21,11,3,1,6,486.5380189379948
8750,23,23,8,5,2,8,481.24506996751484
6000,22,22,11,5,1,5,477.715050037847
6400,23,23,11,4,4,4,472.1316447303917
8600,23,23,10,1,3,9,492.7254752249742
8650,21,21,6,4,4,7,498.5266769424733
4850,23,23,13,6,1,3,465.0774996114538
9000,23,23,7,5,4,7,476.45110875212924
5050,22,22,13,3,2,4,544.5207456311828
8200,22,22,10,2,0,10,503.4259586762417
7100,22,22,6,11,2,3,538.4740678445991
6500,22,22,10,5,2,5,481.01834114970285
3900,21,21,12,4,5,0,472.6671795348319
6600,22,22,9,6,3,4,480.3627179915743
5550,23,23,11,8,1,3,480.34055632914993
8250,24,24,9,5,4,6,512.3005327660777
6750,23,23,11,5,1,6,533.7442279489304
10950,22,22,3,7,2,10,528.04312760958
6500,22,22,10,5,2,5,481.0513011690589
7000,24,24,11,5,3,5,480.9058648768774
4900,22,22,12,4,4,2,515.5048994775107
9450,22,22,5,7,2,8,505.24731336285055
6350,22,22,12,1,3,6,478.66978688121964
8700,22,22,6,7,2,7,479.395122774836
7100,23,23,10,6,1,6,482.1376657693645
8450,25,25,9,7,3,6,479.33993742558937
5800,21,21,11,3,2,5,465.3339306894822
6950,24,24,10,7,3,4,507.37136141586086
6400,24,24,13,4,1,6,510.17090270092933
9250,23,23,8,5,0,10,482.75981299674123
7300,25,25,10,8,3,4,519.9469601113308
4350,22,22,12,6,3,1,489.9376105230539
7550,23,23,10,3,4,6,489.97585639978973
4400,22,22,11,9,1,1,514.3401697559576
3950,22,22,13,7,0,2,486.64350266520125
7250,22,22,9,5,2,6,465.4074552524239
6900,23,23,11,4,2,6,471.98933675914543
6500,22,22,7,10,3,2,502.5652863656184
6500,22,22,8,10,0,4,491.3711613643246
8550,24,24,8,8,1,7,572.2810786889406
7050,23,23,9,8,1,5,497.9568122843406
8400,23,23,8,4,5,6,557.1485412444829
5150,21,21,11,4,3,3,471.88468858376655
4650,22,22,13,4,2,3,486.9201877535255
6200,22,22,9,7,3,3,507.9542020483054
7100,21,21,7,6,4,4,522.9960812221896
7250,22,22,9,5,2,6,472.68470012007066
7500,23,23,10,5,1,7,469.97112913798395
5900,22,22,9,9,1,3,473.6653613919854
6800,21,21,9,3,4,5,487.5110559935538
6600,22,22,9,6,3,4,479.54427689016217
5950,24,24,12,7,1,4,508.7404544177616
4100,22,22,13,6,1,2,501.3860540523333
6050,20,20,10,3,1,6,483.1393350012531
6500,22,22,10,5,2,5,500.2747012705341
8750,23,23,8,5,2,8,496.13360380203835
8400,22,22,8,4,2,8,467.3521070543719
4500,22,22,13,5,1,3,505.17717669586625
5300,22,22,13,3,1,5,562.7224117026942
4650,22,22,13,4,2,3,485.56342128424984
6250,20,20,6,10,1,3,524.7352270983247
5200,23,23,12,7,1,3,481.257457551074
7250,22,22,9,5,2,6,463.60986981174625
5800,23,23,13,3,2,5,493.3217780683142
5400,20,20,10,4,2,4,486.25283020784565
4050,22,22,14,3,3,2,488.62652036915955
5900,21,21,11,4,0,6,498.1604836778313
7900,23,23,10,4,1,8,487.7964628682277
6150,24,24,10,9,3,2,504.0798697551157
9350,23,23,7,6,1,9,547.0603800431011
7900,23,23,7,9,2,5,507.59795397385807
4250,21,21,11,5,5,0,486.84130874161804
7550,23,23,8,8,2,5,482.8106180434765
7400,22,22,8,4,6,4,500.5060330054296
5250,21,21,11,5,1,4,511.4970820971312
7600,22,22,8,6,2,6,543.6545584278895
4600,21,21,11,6,2,2,482.7142450542975
6200,24,24,11,7,3,3,495.60262556052385
4650,22,22,12,4,5,1,479.56920734919925
7150,24,24,12,4,1,7,540.7050377718685
7200,21,21,7,7,2,5,474.20529987675906
5150,23,23,14,4,0,5,479.5952380205124
5700,25,25,15,2,4,4,488.73339565780805
5250,21,21,11,5,1,4,480.8100124612923
7700,22,22,7,7,3,5,523.8357530887642
4300,22,22,14,3,2,3,541.3061045554504
8350,23,23,8,6,2,7,508.5854944827197
5550,23,23,13,3,3,4,526.6929042271303
5600,23,23,12,6,1,4,487.69733889238125
6100,22,22,9,6,5,2,473.0306969759855
8150,23,23,7,9,1,6,494.52824328761665
6100,23,23,11,6,2,4,521.6541394724833
8000,26,26,11,5,5,5,485.8883305044044
5650,22,22,11,4,4,3,467.8581118601006
6250,23,23,12,5,0,6,483.6659847777131
7700,22,22,8,7,0,7,481.80820142017404
3800,25,25,17,3,4,1,498.38938062523545
6500,22,22,9,5,5,3,471.9727741519287
7600,22,22,8,6,2,6,480.9944609277105
6750,22,22,10,5,1,6,472.0548078121611
6650,22,22,10,4,3,5,485.63021378861964
4550,23,23,12,8,2,1,524.8946357651093
5400,23,23,13,4,2,4,485.28139016179676
4800,23,23,14,3,3,3,475.16363764813013
6550,22,22,11,3,2,6,477.32319771264775
6250,23,23,12,5,0,6,474.71438993056915
6150,23,23,10,9,0,4,507.717463504466
2450,20,20,15,2,2,1,464.69788221940803
6600,24,24,11,6,3,4,505.34921259707755
8300,22,22,9,3,1,9,484.0467141211321
4050,23,23,16,3,0,4,468.31617639271656
6000,22,22,11,5,1,5,518.7703582925427
8100,22,22,7,6,3,6,484.76811547219995
4900,22,22,13,4,1,4,507.7928433656885
3450,23,23,17,2,1,3,511.8018806646705
6550,21,21,7,8,3,3,483.18564944200926
8600,22,22,7,6,1,8,479.7678093559984
7300,22,22,10,3,2,7,487.81743381568344
8650,22,22,7,4,4,7,477.4211583026355
8450,22,22,6,7,3,6,487.7492399591713
6500,22,22,10,5,2,5,463.80075184604965
5500,24,24,13,5,3,3,526.8813001192333
7450,22,22,8,7,1,6,481.9599715288977
5900,21,21,10,4,3,4,481.8103029124359
7100,22,22,8,6,4,4,482.2322592296138
6600,23,23,11,6,0,6,486.73455204388415
8550,22,22,8,3,3,8,534.6718327745696
6200,22,22,10,7,0,5,485.6849016969488
5150,22,22,13,4,0,5,534.6264697979638
7350,23,23,8,6,6,3,522.9369927252918
5200,23,23,12,7,1,3,503.6621387932026
8650,23,23,6,9,2,6,468.87648020843073
5950,21,21,9,7,1,4,470.3993322518504
6250,22,22,10,5,3,4,471.90363375268055
7450,23,23,9,7,1,6,467.96632681766766
7800,24,24,11,3,3,7,494.9489756162719
7650,23,23,10,4,2,7,474.3437496169995
8400,21,21,6,4,5,6,500.29452416142857
7600,22,22,8,6,2,6,490.4338200594649
6600,22,22,9,6,3,4,488.3241346501192
8000,23,23,9,5,2,7,473.8553998191969
6750,22,22,9,5,4,4,475.8719729546367
5550,21,21,11,3,3,4,520.9146714956992
7300,23,23,8,8,3,4,486.6732812773495
4300,22,22,14,3,2,3,494.27193092872074
5900,24,24,14,4,0,6,500.83430636747926
8200,21,21,9,2,0,10,480.436231333644
7100,21,21,8,6,1,6,470.3722053793921
8250,23,23,8,5,4,6,490.29399927072956
5150,22,22,13,4,0,5,467.5680711697072
3800,21,21,14,3,1,3,486.5546310275037
6950,24,24,10,7,3,4,480.2908425590766
4450,21,21,13,2,3,3,496.055062985536
5650,22,22,9,9,2,2,501.260564489256
6550,25,25,14,3,2,6,494.1690233708795
6550,23,23,9,8,3,3,507.5383968675827
4100,22,22,13,6,1,2,473.966795255576
7150,21,21,6,9,2,4,484.87683543231475
5300,23,23,13,3,4,3,511.64358664767417
5500,23,23,12,5,3,3,512.5140554977554
6900,25,25,13,4,2,6,479.9594292561802
4100,22,22,13,6,1,2,519.0729632695641
7050,24,24,9,8,4,3,468.00730651187075
9050,24,24,7,8,2,7,508.61567846118055
6900,21,21,6,9,3,3,496.5193076429271
5000,22,22,12,5,2,3,496.4107105903859
6250,22,22,10,5,3,4,497.7705838402983
6750,20,20,8,5,1,6,505.79715294461374
4350,23,23,16,1,2,4,485.9829286061339
6000,22,22,11,5,1,5,509.807569437794
5100,22,22,14,1,2,5,495.0184009604017
5300,22,22,10,8,2,2,483.1217116963118
7750,22,22,8,5,3,6,540.3372381353853
5350,23,23,12,6,2,3,483.46947702364554
7250,23,23,10,5,2,6,495.62026894263767
5250,23,23,13,5,1,4,499.15522586238563
7350,22,22,11,1,2,8,483.30905101725835
4800,24,24,16,3,0,5,511.6417976881023
6600,21,21,9,6,0,6,462.8608205389943
7800,25,25,10,8,1,6,493.89114848886095
7450,22,22,7,7,4,4,482.59036022739235
7450,21,21,7,7,1,6,467.42113123545477
7900,22,22,9,4,1,8,511.9264604765981
4300,23,23,15,3,2,3,494.4539259046586
7100,21,21,7,6,4,4,471.47167315833116
5900,23,23,12,4,3,4,531.9106701034003
5950,21,21,9,7,1,4,498.4001445046366
5700,21,21,9,7,2,3,491.7295779585068
6150,21,21,10,4,2,5,527.9086143700531
6650,22,22,8,9,1,4,487.09435011954787
6200,22,22,12,2,2,6,468.7348413606856
7150,22,22,7,9,2,4,469.70011622159245
5950,23,23,10,7,4,2,471.2536354344002
7850,23,23,9,6,1,7,504.66391407686865
8000,23,23,9,5,2,7,492.69740217443945
5700,22,22,10,7,2,3,573.5345104787062
5150,25,25,15,4,3,3,481.11843058095155
5450,21,21,12,2,2,5,533.9033576035293
6050,19,19,9,3,1,6,467.15558989698536
6700,21,21,8,7,1,5,512.4531604180144
5100,25,25,15,6,0,4,488.21231806466653
6050,22,22,12,3,1,6,536.2311180310414
7750,21,21,7,5,3,6,457.99743640932263
7850,23,23,11,1,3,8,495.7338017110687
5000,22,22,12,5,2,3,469.22260515618865
5100,21,21,11,6,0,4,493.0627248012045
6100,23,23,11,6,2,4,468.5072677850471
7550,24,24,9,8,2,5,481.353579107563
5000,23,23,13,5,2,3,522.1303660778967
6600,22,22,12,1,2,7,516.8711514291948
8600,23,23,8,6,1,8,483.63551736107246
7950,22,22,7,7,2,6,497.0813138445181
7400,23,23,10,4,3,6,475.39309797536947
5950,23,23,11,7,1,4,500.9021878174344
5050,22,22,13,3,2,4,492.8764362109416
8250,23,23,8,5,4,6,498.7777394582476
5400,21,21,11,4,2,4,495.19724942915855
7000,23,23,10,5,3,5,481.2276295284091
9650,24,24,8,4,3,9,514.5838917955327
4300,22,22,14,3,2,3,505.31437355868024
7700,21,21,6,7,3,5,504.19313806958473
3500,24,24,16,5,2,1,486.13297630525017
5400,23,23,13,4,2,4,475.64620722126705
8050,23,23,7,8,3,5,511.4301075268778
6000,22,22,11,5,1,5,466.0005827693123
5500,20,20,9,5,3,3,477.3645543495046
8250,23,23,8,5,4,6,492.2414426954513
5950,23,23,10,7,4,2,471.68028115802724
9650,22,22,5,4,6,7,471.2733092024342
7150,22,22,9,4,4,5,470.33074295439457
6550,20,20,6,8,3,3,496.18563060748613
6600,22,22,7,11,1,3,485.0476538222553
6100,23,23,10,6,5,2,482.67442479751844
6350,21,21,9,6,1,5,487.21678296350757
5750,22,22,11,5,2,4,468.19476340961336
4950,23,23,12,7,2,2,524.4963141669688
6000,22,22,11,5,1,5,500.5833891943467
6900,23,23,11,4,2,6,517.3383843415547
4250,21,21,12,5,2,2,507.177749383471
6350,24,24,12,6,1,5,544.404089596681
8750,24,24,9,5,2,8,552.9108041058141
6700,23,23,10,7,1,5,474.5026484345154
6200,21,21,8,7,3,3,464.82605718977146
6700,21,21,10,2,3,6,513.0702841496351
5400,22,22,12,4,2,4,469.200049011726
4500,22,22,13,5,1,3,464.03897514971084
7350,22,22,11,1,2,8,464.5771807005803
5150,22,22,12,4,3,3,523.6481747610408
5800,21,21,11,3,2,5,489.4401681609186
7450,21,21,7,7,1,6,481.18366616998003
5350,24,24,13,6,2,3,523.2914049463675
6300,22,22,9,8,1,4,489.8244411205262
4950,22,22,14,2,1,5,548.0932148540713
7050,21,21,9,3,3,6,476.41420883061835
5800,20,20,8,8,0,4,469.79109140195436
5450,23,23,11,7,3,2,482.9236485394579
4050,24,24,16,3,3,2,501.10092811261774
8200,25,25,9,7,4,5,492.7892347826765
3950,24,24,17,2,2,3,492.83358629984207
5100,22,22,11,6,3,2,486.508745656976
4600,21,21,11,6,2,2,521.5332762759351
8350,24,24,8,6,5,5,480.58136143165564
5750,22,22,11,5,2,4,484.0002706916838
5850,21,21,9,6,3,3,469.16110553770164
8150,23,23,9,4,3,7,499.9080793049855
7300,23,23,11,3,2,7,509.3438117322145
8450,23,23,10,2,2,9,477.10109514248586
6350,21,21,8,6,4,3,507.262510065039
5200,22,22,11,7,1,3,489.49995897381046
6200,23,23,10,7,3,3,493.2830468870756
8000,22,22,8,5,2,7,487.9301574629243
7800,23,23,7,8,4,4,489.87282910410124
5450,24,24,12,7,3,2,479.7395936398206
6200,21,21,8,7,3,3,488.10260019361857
5250,23,23,13,5,1,4,463.0173987281172
6500,22,22,10,5,2,5,495.58603760256904
6400,23,23,11,4,4,4,504.56273431336837
6850,23,23,9,6,5,3,497.8002672298898
3750,20,20,12,5,1,2,472.3983607204349
4550,22,22,11,8,2,1,509.2035182524274
7550,22,22,7,8,2,5,482.8899162909777
7900,23,23,9,4,4,6,499.664330691125
7650,23,23,7,9,3,4,471.5254984169659
7950,24,24,9,7,2,6,471.0998107304978
5700,22,22,10,7,2,3,505.12409459809186
7650,22,22,8,4,5,5,476.3474390651379
7500,22,22,9,5,1,7,500.30270771253413
5650,21,21,8,9,2,2,504.1346312640603
7100,23,23,10,6,1,6,499.94767005349394
6550,22,22,9,8,0,5,479.8963956037294
6550,23,23,10,8,0,5,483.3530460218416
6300,21,21,10,3,3,5,482.07991716129845
5150,21,21,11,4,3,3,508.2876033037
6550,24,24,11,8,0,5,490.6606351304229
8650,21,21,7,4,1,9,543.552728370737
7850,22,22,8,6,1,7,475.54156710054633
8500,22,22,7,5,3,7,478.6348145969932
8000,22,22,6,10,0,6,510.47394316057705
6600,22,22,9,6,3,4,580.0435648227339
7000,23,23,11,5,0,7,494.8186255970711
8350,24,24,9,6,2,7,485.29937452931756
7050,24,24,9,8,4,3,503.2534301329431
8250,22,22,7,5,4,6,473.3864842183475
6400,20,20,9,4,1,6,466.0306239592714
5700,23,23,13,2,4,4,492.72302955912306
6950,22,22,8,7,3,4,535.7664101910258
7100,21,21,7,6,4,4,502.9425887942346
6100,22,22,10,6,2,4,468.6570767112365
5050,21,21,10,8,0,3,490.52718683229045
6550,22,22,8,8,3,3,515.8391794344844
5500,22,22,12,5,0,5,487.6177891811641
7150,21,21,8,4,4,5,557.803691704723
5600,23,23,12,6,1,4,479.83023203120985
7850,22,22,5,11,2,4,501.86221209193627
6250,22,22,8,10,1,3,513.0419531880522
8050,22,22,6,8,3,5,474.92726074248077
4800,22,22,13,3,3,3,501.47253055779794
7200,23,23,11,2,4,6,487.2309411806835
6000,22,22,11,5,1,5,492.7631475463709
7550,21,21,6,8,2,5,472.72426786084105
6700,23,23,9,7,4,3,541.6065485127426
6350,23,23,11,6,1,5,476.0318439404464
7950,24,24,9,7,2,6,476.9911961086866
6600,24,24,11,6,3,4,517.266302862365
6450,22,22,9,7,2,4,514.5034090816392
6750,21,21,9,5,1,6,477.03978301448274
6900,22,22,10,4,2,6,478.89947640360606
8300,22,22,9,3,1,9,487.32501469390553
9500,21,21,5,5,2,9,510.90362607100553
6200,22,22,9,7,3,3,492.46107295117594
6650,22,22,10,4,3,5,505.4532839289415
7200,22,22,8,7,2,5,478.9196344296706
7200,23,23,12,2,1,8,499.61275015893466
7400,22,22,9,4,3,6,473.79672455905694
6450,22,22,8,7,5,2,478.74192105277484
6750,22,22,10,5,1,6,491.494934739338
6400,22,22,8,9,2,3,501.83956902548897
8000,24,24,9,5,5,5,538.6348046440836
8850,23,23,10,1,2,10,474.97791432379654
6600,23,23,10,6,3,4,474.9168029363821
7500,22,22,6,10,2,4,465.46285541814046
7450,23,23,9,7,1,6,486.3688851620751
8300,22,22,6,8,2,6,459.51799333252484
6100,22,22,10,6,2,4,495.269375642051
3650,22,22,14,4,3,1,515.582139103296
7350,23,23,9,6,3,5,555.1616406323843
5350,23,23,12,6,2,3,477.8625234191537
10000,22,22,3,10,1,8,473.5793926136553
7150,23,23,10,4,4,5,482.93957138425276
8250,22,22,8,5,1,8,474.6915070327806
6500,21,21,9,5,2,5,469.2194170259641
8400,23,23,9,4,2,8,485.4431129978122
4050,22,22,15,3,0,4,484.2793384875168
7200,22,22,8,7,2,5,489.42292847699804
5550,23,23,11,8,1,3,513.2696515389229
8250,22,22,8,5,1,8,468.269262890842
6900,23,23,11,4,2,6,493.0548856307056
7950,23,23,8,7,2,6,496.6277480576704
8300,22,22,9,3,1,9,494.2327053416293
5750,22,22,11,5,2,4,486.1898547203015
7450,23,23,9,7,1,6,519.2399016449549
5900,22,22,11,4,3,4,493.11397725577564
7450,23,23,9,7,1,6,528.4175312037976
5300,22,22,12,3,4,3,494.6300808283445
6400,23,23,11,4,4,4,466.40237244386975
7300,22,22,7,8,3,4,484.4871366574131
6400,24,24,12,4,4,4,523.8510063965124
4600,21,21,11,6,2,2,590.8448124858257
9400,22,22,4,9,2,7,472.93304809119593
5450,22,22,13,2,2,5,498.70781749242616
7300,21,21,6,8,3,4,499.86875324669427
7650,23,23,10,4,2,7,473.8516851225802
6600,21,21,8,6,3,4,508.7702657706745
8450,23,23,7,7,3,6,478.0829244868855
4900,22,22,13,4,1,4,478.3383145370777
7850,21,21,6,6,4,5,488.1347986766251
6850,22,22,8,6,5,3,484.1684213560111
6050,22,22,12,3,1,6,470.7425458697521
5850,22,22,10,6,3,3,496.13205065441446
5850,22,22,10,6,3,3,500.0740144390038
6000,22,22,11,5,1,5,500.1599755133574
6500,22,22,10,5,2,5,492.2036603093968
6100,22,22,13,1,1,7,492.00321361335466
6300,23,23,10,8,1,4,525.910952729314
6600,23,23,10,6,3,4,486.270211339758
7950,22,22,10,2,1,9,570.6651446317771
6500,21,21,9,5,2,5,481.65415796982296
6900,22,22,9,4,5,4,478.84100759653376
9000,22,22,7,5,1,9,472.1766299782489
6200,23,23,9,7,6,1,483.4152911843342
6000,22,22,11,5,1,5,485.16374352155503
6600,23,23,11,6,0,6,506.9928829397529
6850,21,21,7,6,5,3,498.21392363435695
6050,21,21,8,8,2,3,495.76979205713195
7000,22,22,9,5,3,5,523.0790603210966
7250,22,22,9,5,2,6,472.8735241486738
7050,22,22,11,3,0,8,511.67779103009025
7200,23,23,8,7,5,3,504.05455532533813
3550,20,20,13,3,2,2,488.06864955143436
5600,23,23,12,6,1,4,515.2795665930022
7950,23,23,8,7,2,6,486.341349498641
5650,22,22,11,4,4,3,478.96761586172596
7300,23,23,11,3,2,7,502.55191721986876
6400,22,22,10,4,4,4,539.2527972691487
6750,23,23,7,10,5,1,519.0706407486846
7250,22,22,7,10,0,5,479.35687646010126
5150,22,22,12,4,3,3,481.5036348699666
5850,23,23,11,6,3,3,493.5459019327502
6900,22,22,9,4,5,4,497.14725732600624
7100,23,23,10,6,1,6,480.16904305770214
5950,22,22,12,2,3,5,473.09035900282277
7050,21,21,7,8,1,5,487.1994059464656
5900,24,24,14,4,0,6,505.2693203590342
7800,23,23,8,8,1,6,495.1209572009498
7850,20,20,5,6,4,5,484.8609688232516
5250,23,23,13,5,1,4,496.01214481620656
6950,22,22,8,7,3,4,483.8895378098874
5800,22,22,9,8,3,2,484.3017245973297
6200,24,24,11,7,3,3,495.53529794644516
7750,23,23,9,5,3,6,512.8344716099158
6850,22,22,9,6,2,5,469.9267618611458
6450,23,23,10,7,2,4,503.0871280771785
7750,22,22,8,5,3,6,490.4980117254864
8100,21,21,7,6,0,8,504.4654175371555
5200,22,22,13,2,3,4,463.853702926254
7300,22,22,10,3,2,7,460.0202033253658
9100,22,22,6,6,2,8,487.14098052562815
5750,21,21,10,5,2,4,475.19711853204416
5250,21,21,11,5,1,4,525.604167893698
5300,22,22,10,8,2,2,509.0376315324712
7600,22,22,8,6,2,6,495.62706705582326
6950,24,24,11,7,0,6,534.7227631763405
7100,23,23,7,11,2,3,513.8568776582686
5600,24,24,12,6,4,2,538.9076024551816
7950,24,24,9,7,2,6,482.16628834936114
7200,22,22,8,7,2,5,482.0072593105598
8400,23,23,8,4,5,6,481.76412706022944
7500,23,23,10,5,1,7,469.73577882605593
6500,23,23,11,5,2,5,546.9218588516211
6350,24,24,11,6,4,3,542.6003008343833
3650,23,23,16,4,0,3,517.9945635390918
6100,24,24,12,6,2,4,506.2998477345662
7550,23,23,8,8,2,5,490.27923293537356
7100,21,21,8,6,1,6,468.8415328024728
7100,21,21,7,6,4,4,467.34064488767456
6150,22,22,8,9,3,2,473.394136163651
6550,23,23,8,8,6,1,471.80786923890514
5500,22,22,12,5,0,5,481.48708837337983
6050,23,23,10,8,2,3,504.8599051235076
5750,22,22,11,5,2,4,468.0448959764241
7350,22,22,8,6,3,5,476.3246210912115
